id,name,rarity,form,t1,t2,rank,mult,industry,agriculture,military,logistics,arcane,exclusive,kingdom_work,war_duties,brings_home,second_nature
1,Dilloom,uncommon,1,Leaf,Toxin,Adept,1.15,25,77,39,28,48,false,"Farming; Forestry; Herbalism; Ranching; Orchard Management","Medical Support; Supply Corps","Food; Timber; Medicine; Population Growth","Alchemy; Medicine Brewing; Pest Control; Poison Warfare"
2,Dynamouse,common,1,Fire,,Companion,1,70,5,60,15,20,false,"Blacksmithing; Smelting; Glass Making; Metal Refining; Weapon Crafting","Siege Engineers; Assault Units; Artillery Specialists","Weapons; Armor; Industrial Production",
3,Nageel,common,1,Water,,Companion,1,25,45,40,65,15,false,"Fishing; Irrigation; Harbor Operations; Navigation; Water Mills","Naval Crew; Marines; River Logistics","Shipping; Trade; Fisheries",
4,Eekape,uncommon,1,Phantom,Toxin,Adept,1.15,21,25,71,36,77,false,"Night Watch; Archives of Secrets; Dream Tending","Espionage; Sabotage; Night Operations; Fear Warfare","Intelligence; Contraband Recovery","Alchemy; Medicine Brewing; Pest Control; Poison Warfare"
5,Palytid,uncommon,1,Toxin,,Adept,1.15,29,46,52,17,63,false,"Alchemy; Medicine Brewing; Pest Control; Waste Reclamation","Poison Warfare; Area Denial; Antidote Corps","Potions; Antidotes; Reagents",
6,Mianari,common,1,Lightning,,Companion,1,60,10,45,30,55,false,"Workshops; Machinery; Automation; Magical Infrastructure; Research","Battlefield Support; Arcane Engineering","Technology; Advanced Crafting; Automation",
7,Berrball,uncommon,1,Mystic,,Adept,1.15,17,17,40,23,86,false,"Arcane Research; Enchanting; Divination; Academy Teaching","Battle Magi; Ward Casters; Ritual Support","Scrolls; Enchantments; Knowledge",
8,Cesstoid,uncommon,1,Neutral,Mystic,Adept,1.15,40,40,51,43,63,false,"General Labor; Apprenticeships; Shopkeeping; Any Trade","Reserves; Auxiliary Corps; Logistics Support","Flexible Labor; Steady Output","Arcane Research; Enchanting; Divination; Battle Magi"
9,Mizumi,uncommon,1,Neutral,,Adept,1.15,46,46,46,46,35,false,"General Labor; Apprenticeships; Shopkeeping; Any Trade","Reserves; Auxiliary Corps; Logistics Support","Flexible Labor; Steady Output",
10,Chulember,common,1,Fire,,Companion,1,70,5,60,15,20,false,"Blacksmithing; Smelting; Glass Making; Metal Refining; Weapon Crafting","Siege Engineers; Assault Units; Artillery Specialists","Weapons; Armor; Industrial Production",
11,Geckno,uncommon,1,Telepath,,Adept,1.15,23,23,35,52,81,false,"Coordination; Diplomacy; Census & Planning; Education","Command Relay; Morale Operations; Interrogation","Administration; Treaties; Efficiency Gains",
12,Blockid,uncommon,1,Combat,,Adept,1.15,23,12,86,29,12,false,"Guard Duty; Militia Training; Arena Instruction; Escort Work","Front Line; Duelists; Drill Sergeants; Vanguard","Security; Mercenary Contracts; Training Fees",
13,Thermolophus,uncommon,1,Rock,Earth,Adept,1.15,90,21,77,23,9,false,"Quarrying; Heavy Construction; Road Building; Demolition","Bulwark Units; Siege Absorption; Wall Wardens","Granite; Ore; Fortifications","Mining; Quarrying; Construction; Heavy Infantry"
14,Keradon,uncommon,1,Earth,,Adept,1.15,75,29,63,23,12,false,"Mining; Quarrying; Construction; Masonry; Excavation; Terraforming","Heavy Infantry; Shield Units; Defensive Engineers; Fortress Builders","Stone; Clay; Iron; Granite; Mountain Infrastructure",
15,Vermillios,uncommon,1,Water,,Adept,1.15,29,52,46,75,17,false,"Fishing; Irrigation; Harbor Operations; Navigation; Water Mills","Naval Crew; Marines; River Logistics","Shipping; Trade; Fisheries",
16,Vivorin,uncommon,1,Insect,Flyer,Adept,1.15,46,52,52,61,16,false,"Swarm Labor; Pollination; Silk Production; Tunnel Networks","Swarm Tactics; Attrition Units; Field Repair","Silk; Honey; Rapid Construction","Couriers; Scouts; Caravan Leaders; Reconnaissance"
17,Windora,legendary,1,Water,Flyer,Champion,1.7,37,65,82,100,29,false,"Fishing; Irrigation; Harbor Operations; Navigation; Water Mills","Naval Crew; Marines; River Logistics","Shipping; Trade; Fisheries","Couriers; Scouts; Caravan Leaders; Reconnaissance"
18,Geenee,uncommon,1,Neutral,,Adept,1.15,46,46,46,46,35,false,"General Labor; Apprenticeships; Shopkeeping; Any Trade","Reserves; Auxiliary Corps; Logistics Support","Flexible Labor; Steady Output",
19,Quillster,rare,1,Neutral,,Elite,1.35,54,54,54,54,41,false,"General Labor; Apprenticeships; Shopkeeping; Any Trade","Reserves; Auxiliary Corps; Logistics Support","Flexible Labor; Steady Output",
20,Baulder,rare,1,Dragon,,Elite,1.35,41,14,100,41,68,false,"Treasury Guarding; Grand Construction Oversight; Relic Keeping","Elite Shock Units; Air Superiority; Terror Tactics","Treasure Hoards; Prestige; Tribute",
22,Vibe,rare,1,Phantom,,Elite,1.35,14,7,81,47,81,false,"Night Watch; Archives of Secrets; Dream Tending","Espionage; Sabotage; Night Operations; Fear Warfare","Intelligence; Contraband Recovery",
23,Swifty,uncommon,1,Telepath,,Adept,1.15,23,23,35,52,81,false,"Coordination; Diplomacy; Census & Planning; Education","Command Relay; Morale Operations; Interrogation","Administration; Treaties; Efficiency Gains",
24,Pangrass,uncommon,1,Leaf,Neutral,Adept,1.15,33,77,37,41,36,false,"Farming; Forestry; Herbalism; Ranching; Orchard Management","Medical Support; Supply Corps","Food; Timber; Medicine; Population Growth","General Labor; Apprenticeships; Shopkeeping; Reserves"
25,Mintol,common,1,Leaf,Ice,Companion,1,24,63,39,36,33,false,"Farming; Forestry; Herbalism; Ranching; Orchard Management","Medical Support; Supply Corps","Food; Timber; Medicine; Population Growth","Cold Storage; Preservation; Glacier Harvesting; Winter Warfare"
26,Omnom,common,1,Water,Mystic,Companion,1,24,38,44,55,44,false,"Fishing; Irrigation; Harbor Operations; Navigation; Water Mills","Naval Crew; Marines; River Logistics","Shipping; Trade; Fisheries","Arcane Research; Enchanting; Divination; Battle Magi"
27,Kyari,common,1,Fire,Telepath,Companion,1,58,13,56,31,46,false,"Blacksmithing; Smelting; Glass Making; Metal Refining; Weapon Crafting","Siege Engineers; Assault Units; Artillery Specialists","Weapons; Armor; Industrial Production","Coordination; Diplomacy; Census & Planning; Command Relay"
28,Lectrobe,common,1,Lightning,Toxin,Companion,1,53,25,52,28,63,false,"Workshops; Machinery; Automation; Magical Infrastructure; Research","Battlefield Support; Arcane Engineering","Technology; Advanced Crafting; Automation","Alchemy; Medicine Brewing; Pest Control; Poison Warfare"
29,Mirrie,uncommon,1,Phantom,Iron,Adept,1.15,47,7,82,39,54,false,"Night Watch; Archives of Secrets; Dream Tending","Espionage; Sabotage; Night Operations; Fear Warfare","Intelligence; Contraband Recovery","Metallurgy; Heavy Manufacturing; Armor Smithing; Armored Units"
30,Cobrus,uncommon,1,Dragon,,Adept,1.15,35,12,86,35,57,false,"Treasury Guarding; Grand Construction Oversight; Relic Keeping","Elite Shock Units; Air Superiority; Terror Tactics","Treasure Hoards; Prestige; Tribute",
31,Lollipunch,uncommon,1,Combat,,Adept,1.15,23,12,86,29,12,false,"Guard Duty; Militia Training; Arena Instruction; Escort Work","Front Line; Duelists; Drill Sergeants; Vanguard","Security; Mercenary Contracts; Training Fees",
32,Odwig,common,1,Leaf,,Companion,1,15,70,20,25,25,false,"Farming; Forestry; Herbalism; Ranching; Orchard Management","Medical Support; Supply Corps","Food; Timber; Medicine; Population Growth",
33,Tygloo,common,1,Ice,Neutral,Companion,1,39,39,57,46,38,false,"Cold Storage; Preservation; Glacier Harvesting; Arctic Pathfinding","Winter Warfare; Slowing Fields; Frost Garrisons","Preserved Goods; Rare Ice Cores; Northern Trade","General Labor; Apprenticeships; Shopkeeping; Reserves"
34,Pudde,common,1,Water,Telepath,Companion,1,27,41,42,66,42,false,"Fishing; Irrigation; Harbor Operations; Navigation; Water Mills","Naval Crew; Marines; River Logistics","Shipping; Trade; Fisheries","Coordination; Diplomacy; Census & Planning; Command Relay"
35,Mushmite,common,1,Water,,Companion,1,25,45,40,65,15,false,"Fishing; Irrigation; Harbor Operations; Navigation; Water Mills","Naval Crew; Marines; River Logistics","Shipping; Trade; Fisheries",
36,Polynimo,common,1,Fire,,Companion,1,70,5,60,15,20,false,"Blacksmithing; Smelting; Glass Making; Metal Refining; Weapon Crafting","Siege Engineers; Assault Units; Artillery Specialists","Weapons; Armor; Industrial Production",
37,Fuirrel,uncommon,1,Neutral,,Adept,1.15,46,46,46,46,35,false,"General Labor; Apprenticeships; Shopkeeping; Any Trade","Reserves; Auxiliary Corps; Logistics Support","Flexible Labor; Steady Output",
38,Dillow,rare,2,Leaf,Toxin,Elite,1.35,30,90,46,32,57,false,"Farming; Forestry; Herbalism; Ranching; Orchard Management","Medical Support; Supply Corps","Food; Timber; Medicine; Population Growth","Alchemy; Medicine Brewing; Pest Control; Poison Warfare"
39,Pyrode,common,2,Fire,,Companion,1,70,5,60,15,20,false,"Blacksmithing; Smelting; Glass Making; Metal Refining; Weapon Crafting","Siege Engineers; Assault Units; Artillery Specialists","Weapons; Armor; Industrial Production",
40,Moranagi,uncommon,2,Water,,Adept,1.15,29,52,46,75,17,false,"Fishing; Irrigation; Harbor Operations; Navigation; Water Mills","Naval Crew; Marines; River Logistics","Shipping; Trade; Fisheries",
41,Moldec,rare,2,Phantom,Toxin,Elite,1.35,24,30,84,42,90,false,"Night Watch; Archives of Secrets; Dream Tending","Espionage; Sabotage; Night Operations; Fear Warfare","Intelligence; Contraband Recovery","Alchemy; Medicine Brewing; Pest Control; Poison Warfare"
42,Oculid,uncommon,2,Toxin,,Adept,1.15,29,46,52,17,63,false,"Alchemy; Medicine Brewing; Pest Control; Waste Reclamation","Poison Warfare; Area Denial; Antidote Corps","Potions; Antidotes; Reagents",
43,Surinari,uncommon,2,Lightning,,Adept,1.15,69,12,52,35,63,false,"Workshops; Machinery; Automation; Magical Infrastructure; Research","Battlefield Support; Arcane Engineering","Technology; Advanced Crafting; Automation",
44,Silvyx,rare,2,Mystic,,Elite,1.35,20,20,47,27,100,false,"Arcane Research; Enchanting; Divination; Academy Teaching","Battle Magi; Ward Casters; Ritual Support","Scrolls; Enchantments; Knowledge",
45,Coronoid,rare,2,Neutral,Mystic,Elite,1.35,47,47,59,50,74,false,"General Labor; Apprenticeships; Shopkeeping; Any Trade","Reserves; Auxiliary Corps; Logistics Support","Flexible Labor; Steady Output","Arcane Research; Enchanting; Divination; Battle Magi"
46,Watadzumi,rare,2,Neutral,Combat,Elite,1.35,50,45,84,53,35,false,"General Labor; Apprenticeships; Shopkeeping; Any Trade","Reserves; Auxiliary Corps; Logistics Support","Flexible Labor; Steady Output","Guard Duty; Militia Training; Arena Instruction; Front Line"
47,Fuenago,uncommon,2,Fire,,Adept,1.15,81,6,69,17,23,false,"Blacksmithing; Smelting; Glass Making; Metal Refining; Weapon Crafting","Siege Engineers; Assault Units; Artillery Specialists","Weapons; Armor; Industrial Production",
48,Geckelic,rare,2,Telepath,,Elite,1.35,27,27,41,61,95,false,"Coordination; Diplomacy; Census & Planning; Education","Command Relay; Morale Operations; Interrogation","Administration; Treaties; Efficiency Gains",
49,Blockall,rare,2,Combat,,Elite,1.35,27,14,100,34,14,false,"Guard Duty; Militia Training; Arena Instruction; Escort Work","Front Line; Duelists; Drill Sergeants; Vanguard","Security; Mercenary Contracts; Training Fees",
50,Geerex,rare,2,Neutral,,Elite,1.35,54,54,54,54,41,false,"General Labor; Apprenticeships; Shopkeeping; Any Trade","Reserves; Auxiliary Corps; Logistics Support","Flexible Labor; Steady Output",
51,Dredrock,legendary,2,Dragon,Rock,Champion,1.7,90,20,100,48,63,false,"Treasury Guarding; Grand Construction Oversight; Relic Keeping","Elite Shock Units; Air Superiority; Terror Tactics","Treasure Hoards; Prestige; Tribute","Quarrying; Heavy Construction; Road Building; Bulwark Units"
52,Florost,uncommon,2,Leaf,Ice,Adept,1.15,28,72,45,41,38,false,"Farming; Forestry; Herbalism; Ranching; Orchard Management","Medical Support; Supply Corps","Food; Timber; Medicine; Population Growth","Cold Storage; Preservation; Glacier Harvesting; Winter Warfare"
53,Yumee,uncommon,2,Water,Mystic,Adept,1.15,28,44,51,63,51,false,"Fishing; Irrigation; Harbor Operations; Navigation; Water Mills","Naval Crew; Marines; River Logistics","Shipping; Trade; Fisheries","Arcane Research; Enchanting; Divination; Battle Magi"
54,Candeliria,uncommon,2,Fire,Telepath,Adept,1.15,67,15,64,36,53,false,"Blacksmithing; Smelting; Glass Making; Metal Refining; Weapon Crafting","Siege Engineers; Assault Units; Artillery Specialists","Weapons; Armor; Industrial Production","Coordination; Diplomacy; Census & Planning; Command Relay"
55,Wrektric,uncommon,2,Lightning,Toxin,Adept,1.15,61,29,60,32,72,false,"Workshops; Machinery; Automation; Magical Infrastructure; Research","Battlefield Support; Arcane Engineering","Technology; Advanced Crafting; Automation","Alchemy; Medicine Brewing; Pest Control; Poison Warfare"
56,Reflectre,rare,2,Phantom,Iron,Elite,1.35,55,8,96,46,63,false,"Night Watch; Archives of Secrets; Dream Tending","Espionage; Sabotage; Night Operations; Fear Warfare","Intelligence; Contraband Recovery","Metallurgy; Heavy Manufacturing; Armor Smithing; Armored Units"
57,Dracobra,rare,2,Dragon,,Elite,1.35,41,14,100,41,68,false,"Treasury Guarding; Grand Construction Oversight; Relic Keeping","Elite Shock Units; Air Superiority; Terror Tactics","Treasure Hoards; Prestige; Tribute",
58,Mawverize,rare,2,Combat,,Elite,1.35,27,14,100,34,14,false,"Guard Duty; Militia Training; Arena Instruction; Escort Work","Front Line; Duelists; Drill Sergeants; Vanguard","Security; Mercenary Contracts; Training Fees",
59,Occlusk,uncommon,2,Leaf,Iron,Adept,1.15,51,59,49,31,25,false,"Farming; Forestry; Herbalism; Ranching; Orchard Management","Medical Support; Supply Corps","Food; Timber; Medicine; Population Growth","Metallurgy; Heavy Manufacturing; Armor Smithing; Armored Units"
60,Mechloo,uncommon,2,Ice,Neutral,Adept,1.15,45,45,66,53,44,false,"Cold Storage; Preservation; Glacier Harvesting; Arctic Pathfinding","Winter Warfare; Slowing Fields; Frost Garrisons","Preserved Goods; Rare Ice Cores; Northern Trade","General Labor; Apprenticeships; Shopkeeping; Reserves"
61,Aquary,uncommon,2,Water,Telepath,Adept,1.15,31,47,48,76,48,false,"Fishing; Irrigation; Harbor Operations; Navigation; Water Mills","Naval Crew; Marines; River Logistics","Shipping; Trade; Fisheries","Coordination; Diplomacy; Census & Planning; Command Relay"
62,Squake,rare,2,Neutral,Earth,Elite,1.35,77,53,72,50,35,false,"General Labor; Apprenticeships; Shopkeeping; Any Trade","Reserves; Auxiliary Corps; Logistics Support","Flexible Labor; Steady Output","Mining; Quarrying; Construction; Heavy Infantry"
63,Qairrel,rare,3,Neutral,Flyer,Elite,1.35,45,47,65,81,38,false,"General Labor; Apprenticeships; Shopkeeping; Any Trade","Reserves; Auxiliary Corps; Logistics Support","Flexible Labor; Steady Output","Couriers; Scouts; Caravan Leaders; Reconnaissance"
64,Dillossus,rare,3,Leaf,Toxin,Elite,1.35,30,90,46,32,57,false,"Farming; Forestry; Herbalism; Ranching; Orchard Management","Medical Support; Supply Corps","Food; Timber; Medicine; Population Growth","Alchemy; Medicine Brewing; Pest Control; Poison Warfare"
65,Raxplode,uncommon,3,Fire,,Adept,1.15,81,6,69,17,23,false,"Blacksmithing; Smelting; Glass Making; Metal Refining; Weapon Crafting","Siege Engineers; Assault Units; Artillery Specialists","Weapons; Armor; Industrial Production",
66,Dehedra,rare,3,Phantom,Toxin,Elite,1.35,24,30,84,42,90,false,"Night Watch; Archives of Secrets; Dream Tending","Espionage; Sabotage; Night Operations; Fear Warfare","Intelligence; Contraband Recovery","Alchemy; Medicine Brewing; Pest Control; Poison Warfare"
67,Aphroxid,rare,3,Toxin,,Elite,1.35,34,54,61,20,74,false,"Alchemy; Medicine Brewing; Pest Control; Waste Reclamation","Poison Warfare; Area Denial; Antidote Corps","Potions; Antidotes; Reagents",
68,Tekagon,mythic,3,Dragon,Rock,Ancient,2.2,100,26,100,62,81,false,"Treasury Guarding; Grand Construction Oversight; Relic Keeping","Elite Shock Units; Air Superiority; Terror Tactics","Treasure Hoards; Prestige; Tribute","Quarrying; Heavy Construction; Road Building; Bulwark Units"
69,Aromerita,rare,3,Leaf,Ice,Elite,1.35,32,85,53,49,45,false,"Farming; Forestry; Herbalism; Ranching; Orchard Management","Medical Support; Supply Corps","Food; Timber; Medicine; Population Growth","Cold Storage; Preservation; Glacier Harvesting; Winter Warfare"
70,Liscious,uncommon,3,Water,Mystic,Adept,1.15,28,44,51,63,51,false,"Fishing; Irrigation; Harbor Operations; Navigation; Water Mills","Naval Crew; Marines; River Logistics","Shipping; Trade; Fisheries","Arcane Research; Enchanting; Divination; Battle Magi"
71,Resurvy,rare,3,Water,Telepath,Elite,1.35,36,55,57,89,57,false,"Fishing; Irrigation; Harbor Operations; Navigation; Water Mills","Naval Crew; Marines; River Logistics","Shipping; Trade; Fisheries","Coordination; Diplomacy; Census & Planning; Command Relay"
72,Morinori,common,1,Iron,,Companion,1,75,5,65,20,10,false,"Metallurgy; Heavy Manufacturing; Armor Smithing; Rail Building","Armored Units; Warmachine Crews; Line Breakers","Steel; Machinery; Armaments",
73,Gremin,common,1,Flyer,,Companion,1,10,15,45,70,15,false,"Couriers; Scouts; Caravan Leaders; Exploration; Messengers","Reconnaissance; Fast Cavalry; Ambush Specialists","Transport; Trade Routes; Logistics",
74,Spoxin,uncommon,1,Toxin,,Adept,1.15,29,46,52,17,63,false,"Alchemy; Medicine Brewing; Pest Control; Waste Reclamation","Poison Warfare; Area Denial; Antidote Corps","Potions; Antidotes; Reagents",
75,Intelix,uncommon,1,Mystic,,Adept,1.15,17,17,40,23,86,false,"Arcane Research; Enchanting; Divination; Academy Teaching","Battle Magi; Ward Casters; Ritual Support","Scrolls; Enchantments; Knowledge",
76,Lilspri,uncommon,1,Leaf,,Adept,1.15,17,81,23,29,29,false,"Farming; Forestry; Herbalism; Ranching; Orchard Management","Medical Support; Supply Corps","Food; Timber; Medicine; Population Growth",
77,Inkami,common,1,Flyer,Telepath,Companion,1,16,20,45,69,42,false,"Couriers; Scouts; Caravan Leaders; Exploration; Messengers","Reconnaissance; Fast Cavalry; Ambush Specialists","Transport; Trade Routes; Logistics","Coordination; Diplomacy; Census & Planning; Command Relay"
78,Redhandit,uncommon,1,Combat,Phantom,Adept,1.15,22,10,92,38,39,false,"Guard Duty; Militia Training; Arena Instruction; Escort Work","Front Line; Duelists; Drill Sergeants; Vanguard","Security; Mercenary Contracts; Training Fees","Night Watch; Archives of Secrets; Dream Tending; Espionage"
79,Endorr,uncommon,1,Leaf,Rock,Adept,1.15,48,62,47,28,23,false,"Farming; Forestry; Herbalism; Ranching; Orchard Management","Medical Support; Supply Corps","Food; Timber; Medicine; Population Growth","Quarrying; Heavy Construction; Road Building; Bulwark Units"
80,Sonectid,common,1,Insect,Iron,Companion,1,69,41,54,30,12,false,"Swarm Labor; Pollination; Silk Production; Tunnel Networks","Swarm Tactics; Attrition Units; Field Repair","Silk; Honey; Rapid Construction","Metallurgy; Heavy Manufacturing; Armor Smithing; Armored Units"
81,Cryptise,uncommon,1,Phantom,Earth,Adept,1.15,41,17,77,39,54,false,"Night Watch; Archives of Secrets; Dream Tending","Espionage; Sabotage; Night Operations; Fear Warfare","Intelligence; Contraband Recovery","Mining; Quarrying; Construction; Heavy Infantry"
82,Tenteink,uncommon,2,Flyer,Telepath,Adept,1.15,18,23,52,79,48,false,"Couriers; Scouts; Caravan Leaders; Exploration; Messengers","Reconnaissance; Fast Cavalry; Ambush Specialists","Transport; Trade Routes; Logistics","Coordination; Diplomacy; Census & Planning; Command Relay"
83,Criminiac,rare,2,Combat,Phantom,Elite,1.35,26,12,100,45,46,false,"Guard Duty; Militia Training; Arena Instruction; Escort Work","Front Line; Duelists; Drill Sergeants; Vanguard","Security; Mercenary Contracts; Training Fees","Night Watch; Archives of Secrets; Dream Tending; Espionage"
84,Endrowth,rare,2,Leaf,Rock,Elite,1.35,57,73,55,32,27,false,"Farming; Forestry; Herbalism; Ranching; Orchard Management","Medical Support; Supply Corps","Food; Timber; Medicine; Population Growth","Quarrying; Heavy Construction; Road Building; Bulwark Units"
85,Nuklectid,uncommon,2,Insect,Iron,Adept,1.15,79,47,62,35,14,false,"Swarm Labor; Pollination; Silk Production; Tunnel Networks","Swarm Tactics; Attrition Units; Field Repair","Silk; Honey; Rapid Construction","Metallurgy; Heavy Manufacturing; Armor Smithing; Armored Units"
86,Cremortus,rare,2,Phantom,Earth,Elite,1.35,49,20,90,46,63,false,"Night Watch; Archives of Secrets; Dream Tending","Espionage; Sabotage; Night Operations; Fear Warfare","Intelligence; Contraband Recovery","Mining; Quarrying; Construction; Heavy Infantry"
87,Monstratos,rare,3,Leaf,Rock,Elite,1.35,57,73,55,32,27,false,"Farming; Forestry; Herbalism; Ranching; Orchard Management","Medical Support; Supply Corps","Food; Timber; Medicine; Population Growth","Quarrying; Heavy Construction; Road Building; Bulwark Units"
88,Duscre,rare,3,Phantom,Earth,Elite,1.35,49,20,90,46,63,false,"Night Watch; Archives of Secrets; Dream Tending","Espionage; Sabotage; Night Operations; Fear Warfare","Intelligence; Contraband Recovery","Mining; Quarrying; Construction; Heavy Infantry"
89,Mapla,rare,2,Leaf,Neutral,Elite,1.35,39,90,43,49,42,false,"Farming; Forestry; Herbalism; Ranching; Orchard Management","Medical Support; Supply Corps","Food; Timber; Medicine; Population Growth","General Labor; Apprenticeships; Shopkeeping; Reserves"
90,Barkindle,rare,1,Fire,Combat,Elite,1.35,78,11,100,30,26,false,"Blacksmithing; Smelting; Glass Making; Metal Refining; Weapon Crafting","Siege Engineers; Assault Units; Artillery Specialists","Weapons; Armor; Industrial Production","Guard Duty; Militia Training; Arena Instruction; Front Line"
91,Wolflaze,legendary,2,Fire,Combat,Champion,1.7,99,14,100,37,32,false,"Blacksmithing; Smelting; Glass Making; Metal Refining; Weapon Crafting","Siege Engineers; Assault Units; Artillery Specialists","Weapons; Armor; Industrial Production","Guard Duty; Militia Training; Arena Instruction; Front Line"
92,Wolverize,mythic,3,Fire,Combat,Ancient,2.2,100,18,100,48,42,false,"Blacksmithing; Smelting; Glass Making; Metal Refining; Weapon Crafting","Siege Engineers; Assault Units; Artillery Specialists","Weapons; Armor; Industrial Production","Guard Duty; Militia Training; Arena Instruction; Front Line"
93,Ruffski,rare,1,Ice,Neutral,Elite,1.35,53,53,77,62,51,false,"Cold Storage; Preservation; Glacier Harvesting; Arctic Pathfinding","Winter Warfare; Slowing Fields; Frost Garrisons","Preserved Goods; Rare Ice Cores; Northern Trade","General Labor; Apprenticeships; Shopkeeping; Reserves"
94,Arblizen,legendary,2,Ice,Neutral,Champion,1.7,66,66,97,78,65,false,"Cold Storage; Preservation; Glacier Harvesting; Arctic Pathfinding","Winter Warfare; Slowing Fields; Frost Garrisons","Preserved Goods; Rare Ice Cores; Northern Trade","General Labor; Apprenticeships; Shopkeeping; Reserves"
95,Siberizen,mythic,3,Ice,Neutral,Ancient,2.2,86,86,100,100,84,false,"Cold Storage; Preservation; Glacier Harvesting; Arctic Pathfinding","Winter Warfare; Slowing Fields; Frost Garrisons","Preserved Goods; Rare Ice Cores; Northern Trade","General Labor; Apprenticeships; Shopkeeping; Reserves"
96,Tundrill,common,1,Earth,,Companion,1,65,25,55,20,10,false,"Mining; Quarrying; Construction; Masonry; Excavation; Terraforming","Heavy Infantry; Shield Units; Defensive Engineers; Fortress Builders","Stone; Clay; Iron; Granite; Mountain Infrastructure",
97,Matara,common,1,Earth,,Companion,1,65,25,55,20,10,false,"Mining; Quarrying; Construction; Masonry; Excavation; Terraforming","Heavy Infantry; Shield Units; Defensive Engineers; Fortress Builders","Stone; Clay; Iron; Granite; Mountain Infrastructure",
98,Matarama,uncommon,2,Earth,Iron,Adept,1.15,91,23,78,26,14,false,"Mining; Quarrying; Construction; Masonry; Excavation; Terraforming","Heavy Infantry; Shield Units; Defensive Engineers; Fortress Builders","Stone; Clay; Iron; Granite; Mountain Infrastructure","Metallurgy; Heavy Manufacturing; Armor Smithing; Armored Units"
99,MalakelE,uncommon,1,Toxin,Combat,Adept,1.15,31,38,75,25,49,false,"Alchemy; Medicine Brewing; Pest Control; Waste Reclamation","Poison Warfare; Area Denial; Antidote Corps","Potions; Antidotes; Reagents","Guard Duty; Militia Training; Arena Instruction; Front Line"
100,KahukelE,rare,2,Toxin,Combat,Elite,1.35,36,45,88,30,58,false,"Alchemy; Medicine Brewing; Pest Control; Waste Reclamation","Poison Warfare; Area Denial; Antidote Corps","Potions; Antidotes; Reagents","Guard Duty; Militia Training; Arena Instruction; Front Line"
101,Tobeno,common,1,Neutral,Flyer,Companion,1,33,35,48,60,28,false,"General Labor; Apprenticeships; Shopkeeping; Any Trade","Reserves; Auxiliary Corps; Logistics Support","Flexible Labor; Steady Output","Couriers; Scouts; Caravan Leaders; Reconnaissance"
102,Puremu,uncommon,2,Neutral,Flyer,Adept,1.15,38,40,55,69,32,false,"General Labor; Apprenticeships; Shopkeeping; Any Trade","Reserves; Auxiliary Corps; Logistics Support","Flexible Labor; Steady Output","Couriers; Scouts; Caravan Leaders; Reconnaissance"
103,Flaraton,common,1,Fire,Earth,Companion,1,78,15,67,20,19,false,"Blacksmithing; Smelting; Glass Making; Metal Refining; Weapon Crafting","Siege Engineers; Assault Units; Artillery Specialists","Weapons; Armor; Industrial Production","Mining; Quarrying; Construction; Heavy Infantry"
104,Inferacoon,uncommon,2,Fire,Earth,Adept,1.15,90,17,77,23,22,false,"Blacksmithing; Smelting; Glass Making; Metal Refining; Weapon Crafting","Siege Engineers; Assault Units; Artillery Specialists","Weapons; Armor; Industrial Production","Mining; Quarrying; Construction; Heavy Infantry"
105,Scubella,common,1,Ice,,Companion,1,30,30,55,40,35,false,"Cold Storage; Preservation; Glacier Harvesting; Arctic Pathfinding","Winter Warfare; Slowing Fields; Frost Garrisons","Preserved Goods; Rare Ice Cores; Northern Trade",
106,Ekopi,uncommon,1,Leaf,Earth,Adept,1.15,46,69,45,31,25,false,"Farming; Forestry; Herbalism; Ranching; Orchard Management","Medical Support; Supply Corps","Food; Timber; Medicine; Population Growth","Mining; Quarrying; Construction; Heavy Infantry"
107,Ekoraft,rare,2,Leaf,Earth,Elite,1.35,54,81,53,36,30,false,"Farming; Forestry; Herbalism; Ranching; Orchard Management","Medical Support; Supply Corps","Food; Timber; Medicine; Population Growth","Mining; Quarrying; Construction; Heavy Infantry"
108,Expertri,rare,3,Leaf,Earth,Elite,1.35,54,81,53,36,30,false,"Farming; Forestry; Herbalism; Ranching; Orchard Management","Medical Support; Supply Corps","Food; Timber; Medicine; Population Growth","Mining; Quarrying; Construction; Heavy Infantry"
109,Purgast,uncommon,1,Telepath,,Adept,1.15,23,23,35,52,81,false,"Coordination; Diplomacy; Census & Planning; Education","Command Relay; Morale Operations; Interrogation","Administration; Treaties; Efficiency Gains",
110,Smeltal,uncommon,1,Combat,,Adept,1.15,23,12,86,29,12,false,"Guard Duty; Militia Training; Arena Instruction; Escort Work","Front Line; Duelists; Drill Sergeants; Vanguard","Security; Mercenary Contracts; Training Fees",
111,Vorvosip,uncommon,1,Insect,,Adept,1.15,57,63,40,35,12,false,"Swarm Labor; Pollination; Silk Production; Tunnel Networks","Swarm Tactics; Attrition Units; Field Repair","Silk; Honey; Rapid Construction",
112,Devostoric,uncommon,1,Rock,,Adept,1.15,81,12,69,17,6,false,"Quarrying; Heavy Construction; Road Building; Demolition","Bulwark Units; Siege Absorption; Wall Wardens","Granite; Ore; Fortifications",
113,Sauntler,uncommon,1,Dragon,,Adept,1.15,35,12,86,35,57,false,"Treasury Guarding; Grand Construction Oversight; Relic Keeping","Elite Shock Units; Air Superiority; Terror Tactics","Treasure Hoards; Prestige; Tribute",
114,Zapillar,common,1,Lightning,,Companion,1,60,10,45,30,55,false,"Workshops; Machinery; Automation; Magical Infrastructure; Research","Battlefield Support; Arcane Engineering","Technology; Advanced Crafting; Automation",
115,Infiluv,uncommon,1,Neutral,,Adept,1.15,46,46,46,46,35,false,"General Labor; Apprenticeships; Shopkeeping; Any Trade","Reserves; Auxiliary Corps; Logistics Support","Flexible Labor; Steady Output",
116,Krubble,uncommon,1,Water,Iron,Adept,1.15,59,39,66,63,17,false,"Fishing; Irrigation; Harbor Operations; Navigation; Water Mills","Naval Crew; Marines; River Logistics","Shipping; Trade; Fisheries","Metallurgy; Heavy Manufacturing; Armor Smithing; Armored Units"
117,Krabboul,rare,2,Water,Iron,Elite,1.35,69,46,77,74,20,false,"Fishing; Irrigation; Harbor Operations; Navigation; Water Mills","Naval Crew; Marines; River Logistics","Shipping; Trade; Fisheries","Metallurgy; Heavy Manufacturing; Armor Smithing; Armored Units"
118,Capareef,legendary,3,Water,Iron,Champion,1.7,87,58,97,94,26,false,"Fishing; Irrigation; Harbor Operations; Navigation; Water Mills","Naval Crew; Marines; River Logistics","Shipping; Trade; Fisheries","Metallurgy; Heavy Manufacturing; Armor Smithing; Armored Units"
119,Tipsillar,rare,1,Insect,Lightning,Elite,1.35,84,58,61,47,43,false,"Swarm Labor; Pollination; Silk Production; Tunnel Networks","Swarm Tactics; Attrition Units; Field Repair","Silk; Honey; Rapid Construction","Workshops; Machinery; Automation; Battlefield Support"
120,Mesmerhys,rare,2,Insect,Lightning,Elite,1.35,84,58,61,47,43,false,"Swarm Labor; Pollination; Silk Production; Tunnel Networks","Swarm Tactics; Attrition Units; Field Repair","Silk; Honey; Rapid Construction","Workshops; Machinery; Automation; Battlefield Support"
121,Chromothic,legendary,3,Insect,Lightning,Champion,1.7,100,73,77,60,54,false,"Swarm Labor; Pollination; Silk Production; Tunnel Networks","Swarm Tactics; Attrition Units; Field Repair","Silk; Honey; Rapid Construction","Workshops; Machinery; Automation; Battlefield Support"
122,Grubgas,uncommon,1,Toxin,Iron,Adept,1.15,59,35,70,23,49,false,"Alchemy; Medicine Brewing; Pest Control; Waste Reclamation","Poison Warfare; Area Denial; Antidote Corps","Potions; Antidotes; Reagents","Metallurgy; Heavy Manufacturing; Armor Smithing; Armored Units"
123,Polupa,rare,2,Toxin,Iron,Elite,1.35,69,41,82,27,58,false,"Alchemy; Medicine Brewing; Pest Control; Waste Reclamation","Poison Warfare; Area Denial; Antidote Corps","Potions; Antidotes; Reagents","Metallurgy; Heavy Manufacturing; Armor Smithing; Armored Units"
124,Noxibeet,rare,3,Toxin,Iron,Elite,1.35,69,41,82,27,58,false,"Alchemy; Medicine Brewing; Pest Control; Waste Reclamation","Poison Warfare; Area Denial; Antidote Corps","Potions; Antidotes; Reagents","Metallurgy; Heavy Manufacturing; Armor Smithing; Armored Units"
125,Kelpony,rare,1,Ice,Rock,Elite,1.35,72,35,89,47,36,false,"Cold Storage; Preservation; Glacier Harvesting; Arctic Pathfinding","Winter Warfare; Slowing Fields; Frost Garrisons","Preserved Goods; Rare Ice Cores; Northern Trade","Quarrying; Heavy Construction; Road Building; Bulwark Units"
126,Chevalage,rare,2,Ice,Rock,Elite,1.35,72,35,89,47,36,false,"Cold Storage; Preservation; Glacier Harvesting; Arctic Pathfinding","Winter Warfare; Slowing Fields; Frost Garrisons","Preserved Goods; Rare Ice Cores; Northern Trade","Quarrying; Heavy Construction; Road Building; Bulwark Units"
127,Reefallion,legendary,3,Ice,Rock,Champion,1.7,90,44,100,60,46,false,"Cold Storage; Preservation; Glacier Harvesting; Arctic Pathfinding","Winter Warfare; Slowing Fields; Frost Garrisons","Preserved Goods; Rare Ice Cores; Northern Trade","Quarrying; Heavy Construction; Road Building; Bulwark Units"
128,Lemeeni,uncommon,1,Leaf,Combat,Adept,1.15,23,62,55,33,25,false,"Farming; Forestry; Herbalism; Ranching; Orchard Management","Medical Support; Supply Corps","Food; Timber; Medicine; Population Growth","Guard Duty; Militia Training; Arena Instruction; Front Line"
129,Lemeeglar,rare,2,Leaf,Combat,Elite,1.35,27,73,65,39,30,false,"Farming; Forestry; Herbalism; Ranching; Orchard Management","Medical Support; Supply Corps","Food; Timber; Medicine; Population Growth","Guard Duty; Militia Training; Arena Instruction; Front Line"
130,Primasham,rare,3,Leaf,Combat,Elite,1.35,27,73,65,39,30,false,"Farming; Forestry; Herbalism; Ranching; Orchard Management","Medical Support; Supply Corps","Food; Timber; Medicine; Population Growth","Guard Duty; Militia Training; Arena Instruction; Front Line"
131,Iquander,uncommon,1,Dragon,Fire,Adept,1.15,61,10,92,32,51,false,"Treasury Guarding; Grand Construction Oversight; Relic Keeping","Elite Shock Units; Air Superiority; Terror Tactics","Treasure Hoards; Prestige; Tribute","Blacksmithing; Smelting; Glass Making; Siege Engineers"
132,Iquanaze,rare,2,Dragon,Fire,Elite,1.35,72,12,100,38,59,false,"Treasury Guarding; Grand Construction Oversight; Relic Keeping","Elite Shock Units; Air Superiority; Terror Tactics","Treasure Hoards; Prestige; Tribute","Blacksmithing; Smelting; Glass Making; Siege Engineers"
133,Wrecktile,rare,3,Dragon,Fire,Elite,1.35,72,12,100,38,59,false,"Treasury Guarding; Grand Construction Oversight; Relic Keeping","Elite Shock Units; Air Superiority; Terror Tactics","Treasure Hoards; Prestige; Tribute","Blacksmithing; Smelting; Glass Making; Siege Engineers"
134,Mindallion,uncommon,1,Iron,Mystic,Adept,1.15,68,12,70,26,47,false,"Metallurgy; Heavy Manufacturing; Armor Smithing; Rail Building","Armored Units; Warmachine Crews; Line Breakers","Steel; Machinery; Armaments","Arcane Research; Enchanting; Divination; Battle Magi"
135,Talisment,rare,2,Iron,Mystic,Elite,1.35,80,14,82,31,55,false,"Metallurgy; Heavy Manufacturing; Armor Smithing; Rail Building","Armored Units; Warmachine Crews; Line Breakers","Steel; Machinery; Armaments","Arcane Research; Enchanting; Divination; Battle Magi"
136,Krakowee,uncommon,1,Insect,Rock,Adept,1.15,77,49,60,32,10,false,"Swarm Labor; Pollination; Silk Production; Tunnel Networks","Swarm Tactics; Attrition Units; Field Repair","Silk; Honey; Rapid Construction","Quarrying; Heavy Construction; Road Building; Bulwark Units"
137,Alligwamp,rare,2,Insect,Rock,Elite,1.35,90,58,70,38,12,false,"Swarm Labor; Pollination; Silk Production; Tunnel Networks","Swarm Tactics; Attrition Units; Field Repair","Silk; Honey; Rapid Construction","Quarrying; Heavy Construction; Road Building; Bulwark Units"
138,Felistar,uncommon,1,Phantom,Lightning,Adept,1.15,39,9,71,44,77,false,"Night Watch; Archives of Secrets; Dream Tending","Espionage; Sabotage; Night Operations; Fear Warfare","Intelligence; Contraband Recovery","Workshops; Machinery; Automation; Battlefield Support"
139,Galaleo,rare,2,Phantom,Lightning,Elite,1.35,46,11,84,51,90,false,"Night Watch; Archives of Secrets; Dream Tending","Espionage; Sabotage; Night Operations; Fear Warfare","Intelligence; Contraband Recovery","Workshops; Machinery; Automation; Battlefield Support"
140,Dusprite,common,1,Mystic,Toxin,Companion,1,22,29,45,21,77,false,"Arcane Research; Enchanting; Divination; Academy Teaching","Battle Magi; Ward Casters; Ritual Support","Scrolls; Enchantments; Knowledge","Alchemy; Medicine Brewing; Pest Control; Poison Warfare"
141,Spoxie,uncommon,2,Mystic,Toxin,Adept,1.15,25,33,52,24,89,false,"Arcane Research; Enchanting; Divination; Academy Teaching","Battle Magi; Ward Casters; Ritual Support","Scrolls; Enchantments; Knowledge","Alchemy; Medicine Brewing; Pest Control; Poison Warfare"
142,Clothom,uncommon,1,Phantom,Flyer,Adept,1.15,14,12,71,64,56,false,"Night Watch; Archives of Secrets; Dream Tending","Espionage; Sabotage; Night Operations; Fear Warfare","Intelligence; Contraband Recovery","Couriers; Scouts; Caravan Leaders; Reconnaissance"
143,Blankosu,rare,2,Phantom,Flyer,Elite,1.35,16,14,84,76,66,false,"Night Watch; Archives of Secrets; Dream Tending","Espionage; Sabotage; Night Operations; Fear Warfare","Intelligence; Contraband Recovery","Couriers; Scouts; Caravan Leaders; Reconnaissance"
144,Pistaccoul,uncommon,1,Insect,Earth,Adept,1.15,74,57,56,35,14,false,"Swarm Labor; Pollination; Silk Production; Tunnel Networks","Swarm Tactics; Attrition Units; Field Repair","Silk; Honey; Rapid Construction","Mining; Quarrying; Construction; Heavy Infantry"
145,Fantasnut,rare,2,Insect,Earth,Elite,1.35,86,68,66,41,16,false,"Swarm Labor; Pollination; Silk Production; Tunnel Networks","Swarm Tactics; Attrition Units; Field Repair","Silk; Honey; Rapid Construction","Mining; Quarrying; Construction; Heavy Infantry"
146,Kikapole,uncommon,1,Telepath,Combat,Adept,1.15,26,22,63,49,62,false,"Coordination; Diplomacy; Census & Planning; Education","Command Relay; Morale Operations; Interrogation","Administration; Treaties; Efficiency Gains","Guard Duty; Militia Training; Arena Instruction; Front Line"
147,Ribibrawl,rare,2,Telepath,Combat,Elite,1.35,31,26,74,58,73,false,"Coordination; Diplomacy; Census & Planning; Education","Command Relay; Morale Operations; Interrogation","Administration; Treaties; Efficiency Gains","Guard Duty; Militia Training; Arena Instruction; Front Line"
148,Vexigon,uncommon,1,Dragon,Neutral,Adept,1.15,45,29,82,45,56,false,"Treasury Guarding; Grand Construction Oversight; Relic Keeping","Elite Shock Units; Air Superiority; Terror Tactics","Treasure Hoards; Prestige; Tribute","General Labor; Apprenticeships; Shopkeeping; Reserves"
149,Noxareo,rare,2,Dragon,Neutral,Elite,1.35,53,34,96,53,66,false,"Treasury Guarding; Grand Construction Oversight; Relic Keeping","Elite Shock Units; Air Superiority; Terror Tactics","Treasure Hoards; Prestige; Tribute","General Labor; Apprenticeships; Shopkeeping; Reserves"
150,Darcastro,legendary,3,Dragon,Neutral,Champion,1.7,66,43,100,66,83,false,"Treasury Guarding; Grand Construction Oversight; Relic Keeping","Elite Shock Units; Air Superiority; Terror Tactics","Treasure Hoards; Prestige; Tribute","General Labor; Apprenticeships; Shopkeeping; Reserves"
151,Greipawn,uncommon,1,Leaf,,Adept,1.15,17,81,23,29,29,false,"Farming; Forestry; Herbalism; Ranching; Orchard Management","Medical Support; Supply Corps","Food; Timber; Medicine; Population Growth",
152,Vitisir,rare,2,Leaf,,Elite,1.35,20,95,27,34,34,false,"Farming; Forestry; Herbalism; Ranching; Orchard Management","Medical Support; Supply Corps","Food; Timber; Medicine; Population Growth",
153,Vernirox,mythic,1,Earth,Rock,Ancient,2.2,100,48,100,46,20,false,"Mining; Quarrying; Construction; Masonry; Excavation; Terraforming","Heavy Infantry; Shield Units; Defensive Engineers; Fortress Builders","Stone; Clay; Iron; Granite; Mountain Infrastructure","Quarrying; Heavy Construction; Road Building; Bulwark Units"
154,Quadrossal,mythic,1,Telepath,Mystic,Ancient,2.2,46,46,81,90,100,false,"Coordination; Diplomacy; Census & Planning; Education","Command Relay; Morale Operations; Interrogation","Administration; Treaties; Efficiency Gains","Arcane Research; Enchanting; Divination; Battle Magi"
155,Zedakazm,mythic,1,Dragon,Phantom,Ancient,2.2,57,20,100,81,100,false,"Treasury Guarding; Grand Construction Oversight; Relic Keeping","Elite Shock Units; Air Superiority; Terror Tactics","Treasure Hoards; Prestige; Tribute","Night Watch; Archives of Secrets; Dream Tending; Espionage"
156,Armadigoal,uncommon,1,Iron,Rock,Adept,1.15,97,9,84,24,10,false,"Metallurgy; Heavy Manufacturing; Armor Smithing; Rail Building","Armored Units; Warmachine Crews; Line Breakers","Steel; Machinery; Armaments","Quarrying; Heavy Construction; Road Building; Bulwark Units"
157,Armordigoal,rare,2,Iron,Rock,Elite,1.35,100,11,99,28,12,false,"Metallurgy; Heavy Manufacturing; Armor Smithing; Rail Building","Armored Units; Warmachine Crews; Line Breakers","Steel; Machinery; Armaments","Quarrying; Heavy Construction; Road Building; Bulwark Units"
158,Pangrove,legendary,3,Neutral,Leaf,Champion,1.7,60,100,63,66,54,false,"General Labor; Apprenticeships; Shopkeeping; Any Trade","Reserves; Auxiliary Corps; Logistics Support","Flexible Labor; Steady Output","Farming; Forestry; Herbalism; Medical Support"
159,Kyberra,uncommon,1,Mystic,Leaf,Adept,1.15,20,48,39,29,74,false,"Arcane Research; Enchanting; Divination; Academy Teaching","Battle Magi; Ward Casters; Ritual Support","Scrolls; Enchantments; Knowledge","Farming; Forestry; Herbalism; Medical Support"
160,Kyberram,rare,2,Mystic,Leaf,Elite,1.35,23,57,46,34,86,false,"Arcane Research; Enchanting; Divination; Academy Teaching","Battle Magi; Ward Casters; Ritual Support","Scrolls; Enchantments; Knowledge","Farming; Forestry; Herbalism; Medical Support"
161,Pigperus,rare,1,Earth,Ice,Elite,1.35,80,42,85,43,31,false,"Mining; Quarrying; Construction; Masonry; Excavation; Terraforming","Heavy Infantry; Shield Units; Defensive Engineers; Fortress Builders","Stone; Clay; Iron; Granite; Mountain Infrastructure","Cold Storage; Preservation; Glacier Harvesting; Winter Warfare"
162,Boarazer,legendary,2,Earth,Ice,Champion,1.7,100,53,100,54,39,false,"Mining; Quarrying; Construction; Masonry; Excavation; Terraforming","Heavy Infantry; Shield Units; Defensive Engineers; Fortress Builders","Stone; Clay; Iron; Granite; Mountain Infrastructure","Cold Storage; Preservation; Glacier Harvesting; Winter Warfare"
163,Piggicius,rare,1,Water,Insect,Elite,1.35,54,76,59,80,20,false,"Fishing; Irrigation; Harbor Operations; Navigation; Water Mills","Naval Crew; Marines; River Logistics","Shipping; Trade; Fisheries","Swarm Labor; Pollination; Silk Production; Swarm Tactics"
164,Wartoink,legendary,2,Water,Insect,Champion,1.7,68,95,75,100,26,false,"Fishing; Irrigation; Harbor Operations; Navigation; Water Mills","Naval Crew; Marines; River Logistics","Shipping; Trade; Fisheries","Swarm Labor; Pollination; Silk Production; Swarm Tactics"
165,Kumabaggu,legendary,1,Iron,Telepath,Champion,1.7,100,22,100,58,66,false,"Metallurgy; Heavy Manufacturing; Armor Smithing; Rail Building","Armored Units; Warmachine Crews; Line Breakers","Steel; Machinery; Armaments","Coordination; Diplomacy; Census & Planning; Command Relay"
166,Spoulder,rare,1,Insect,Rock,Elite,1.35,90,58,70,38,12,false,"Swarm Labor; Pollination; Silk Production; Tunnel Networks","Swarm Tactics; Attrition Units; Field Repair","Silk; Honey; Rapid Construction","Quarrying; Heavy Construction; Road Building; Bulwark Units"
167,Cavachnid,legendary,2,Insect,Rock,Champion,1.7,100,73,88,48,15,false,"Swarm Labor; Pollination; Silk Production; Tunnel Networks","Swarm Tactics; Attrition Units; Field Repair","Silk; Honey; Rapid Construction","Quarrying; Heavy Construction; Road Building; Bulwark Units"
168,Foxeez,uncommon,1,Ice,Phantom,Adept,1.15,30,26,76,51,60,false,"Cold Storage; Preservation; Glacier Harvesting; Arctic Pathfinding","Winter Warfare; Slowing Fields; Frost Garrisons","Preserved Goods; Rare Ice Cores; Northern Trade","Night Watch; Archives of Secrets; Dream Tending; Espionage"
169,Coyoteez,rare,2,Ice,Phantom,Elite,1.35,35,31,89,59,70,false,"Cold Storage; Preservation; Glacier Harvesting; Arctic Pathfinding","Winter Warfare; Slowing Fields; Frost Garrisons","Preserved Goods; Rare Ice Cores; Northern Trade","Night Watch; Archives of Secrets; Dream Tending; Espionage"
170,Roichirp,common,1,Flyer,,Companion,1,10,15,45,70,15,false,"Couriers; Scouts; Caravan Leaders; Exploration; Messengers","Reconnaissance; Fast Cavalry; Ambush Specialists","Transport; Trade Routes; Logistics",
171,Hawkrey,uncommon,2,Flyer,,Adept,1.15,12,17,52,81,17,false,"Couriers; Scouts; Caravan Leaders; Exploration; Messengers","Reconnaissance; Fast Cavalry; Ambush Specialists","Transport; Trade Routes; Logistics",
172,Emperazor,rare,3,Flyer,,Elite,1.35,14,20,61,95,20,false,"Couriers; Scouts; Caravan Leaders; Exploration; Messengers","Reconnaissance; Fast Cavalry; Ambush Specialists","Transport; Trade Routes; Logistics",
173,Batflare,uncommon,1,Fire,,Adept,1.15,81,6,69,17,23,false,"Blacksmithing; Smelting; Glass Making; Metal Refining; Weapon Crafting","Siege Engineers; Assault Units; Artillery Specialists","Weapons; Armor; Industrial Production",
174,Inferbat,rare,2,Fire,Flyer,Elite,1.35,73,14,84,57,28,false,"Blacksmithing; Smelting; Glass Making; Metal Refining; Weapon Crafting","Siege Engineers; Assault Units; Artillery Specialists","Weapons; Armor; Industrial Production","Couriers; Scouts; Caravan Leaders; Reconnaissance"
175,Zyracier,legendary,3,Fire,Flyer,Champion,1.7,92,17,100,71,36,false,"Blacksmithing; Smelting; Glass Making; Metal Refining; Weapon Crafting","Siege Engineers; Assault Units; Artillery Specialists","Weapons; Armor; Industrial Production","Couriers; Scouts; Caravan Leaders; Reconnaissance"
176,Watuber,rare,1,Water,Combat,Elite,1.35,36,49,84,77,20,false,"Fishing; Irrigation; Harbor Operations; Navigation; Water Mills","Naval Crew; Marines; River Logistics","Shipping; Trade; Fisheries","Guard Duty; Militia Training; Arena Instruction; Front Line"
177,Floatuber,legendary,2,Water,Combat,Champion,1.7,46,61,100,97,26,false,"Fishing; Irrigation; Harbor Operations; Navigation; Water Mills","Naval Crew; Marines; River Logistics","Shipping; Trade; Fisheries","Guard Duty; Militia Training; Arena Instruction; Front Line"
178,Chambrawl,legendary,3,Water,Combat,Champion,1.7,46,61,100,97,26,false,"Fishing; Irrigation; Harbor Operations; Navigation; Water Mills","Naval Crew; Marines; River Logistics","Shipping; Trade; Fisheries","Guard Duty; Militia Training; Arena Instruction; Front Line"
179,Vaudequin,mythic,1,Fire,Mystic,Ancient,2.2,100,22,100,44,100,false,"Blacksmithing; Smelting; Glass Making; Metal Refining; Weapon Crafting","Siege Engineers; Assault Units; Artillery Specialists","Weapons; Armor; Industrial Production","Arcane Research; Enchanting; Divination; Battle Magi"
180,Helichrome,common,1,Iron,Dragon,Companion,1,66,8,79,28,30,false,"Metallurgy; Heavy Manufacturing; Armor Smithing; Rail Building","Armored Units; Warmachine Crews; Line Breakers","Steel; Machinery; Armaments","Treasury Guarding; Grand Construction Oversight; Relic Keeping; Elite Shock Units"
181,Boomergon,uncommon,2,Iron,Dragon,Adept,1.15,76,9,91,32,35,false,"Metallurgy; Heavy Manufacturing; Armor Smithing; Rail Building","Armored Units; Warmachine Crews; Line Breakers","Steel; Machinery; Armaments","Treasury Guarding; Grand Construction Oversight; Relic Keeping; Elite Shock Units"
182,Flairon,rare,3,Iron,Dragon,Elite,1.35,89,11,100,38,41,false,"Metallurgy; Heavy Manufacturing; Armor Smithing; Rail Building","Armored Units; Warmachine Crews; Line Breakers","Steel; Machinery; Armaments","Treasury Guarding; Grand Construction Oversight; Relic Keeping; Elite Shock Units"
183,Onchor,rare,1,Water,Iron,Elite,1.35,69,46,77,74,20,false,"Fishing; Irrigation; Harbor Operations; Navigation; Water Mills","Naval Crew; Marines; River Logistics","Shipping; Trade; Fisheries","Metallurgy; Heavy Manufacturing; Armor Smithing; Armored Units"
184,Opmarine,rare,2,Water,Iron,Elite,1.35,69,46,77,74,20,false,"Fishing; Irrigation; Harbor Operations; Navigation; Water Mills","Naval Crew; Marines; River Logistics","Shipping; Trade; Fisheries","Metallurgy; Heavy Manufacturing; Armor Smithing; Armored Units"
185,Opsidien,legendary,3,Water,Iron,Champion,1.7,87,58,97,94,26,false,"Fishing; Irrigation; Harbor Operations; Navigation; Water Mills","Naval Crew; Marines; River Logistics","Shipping; Trade; Fisheries","Metallurgy; Heavy Manufacturing; Armor Smithing; Armored Units"
186,Sully,rare,1,Iron,Flyer,Elite,1.35,77,14,89,62,19,false,"Metallurgy; Heavy Manufacturing; Armor Smithing; Rail Building","Armored Units; Warmachine Crews; Line Breakers","Steel; Machinery; Armaments","Couriers; Scouts; Caravan Leaders; Reconnaissance"
187,Silica,rare,2,Iron,Flyer,Elite,1.35,77,14,89,62,19,false,"Metallurgy; Heavy Manufacturing; Armor Smithing; Rail Building","Armored Units; Warmachine Crews; Line Breakers","Steel; Machinery; Armaments","Couriers; Scouts; Caravan Leaders; Reconnaissance"
188,Sinexus,legendary,3,Iron,Flyer,Champion,1.7,97,17,100,78,24,false,"Metallurgy; Heavy Manufacturing; Armor Smithing; Rail Building","Armored Units; Warmachine Crews; Line Breakers","Steel; Machinery; Armaments","Couriers; Scouts; Caravan Leaders; Reconnaissance"
189,Cannubis,rare,1,Leaf,Phantom,Elite,1.35,20,69,55,45,61,false,"Farming; Forestry; Herbalism; Ranching; Orchard Management","Medical Support; Supply Corps","Food; Timber; Medicine; Population Growth","Night Watch; Archives of Secrets; Dream Tending; Espionage"
190,Keefo,legendary,2,Leaf,Phantom,Champion,1.7,26,87,70,56,77,false,"Farming; Forestry; Herbalism; Ranching; Orchard Management","Medical Support; Supply Corps","Food; Timber; Medicine; Population Growth","Night Watch; Archives of Secrets; Dream Tending; Espionage"
191,Duwat,legendary,3,Leaf,Phantom,Champion,1.7,26,87,70,56,77,false,"Farming; Forestry; Herbalism; Ranching; Orchard Management","Medical Support; Supply Corps","Food; Timber; Medicine; Population Growth","Night Watch; Archives of Secrets; Dream Tending; Espionage"
192,Finray,common,1,Water,Dragon,Companion,1,31,36,62,59,33,false,"Fishing; Irrigation; Harbor Operations; Navigation; Water Mills","Naval Crew; Marines; River Logistics","Shipping; Trade; Fisheries","Treasury Guarding; Grand Construction Oversight; Relic Keeping; Elite Shock Units"
193,Ogoprowl,uncommon,2,Water,Dragon,Adept,1.15,36,41,71,68,38,false,"Fishing; Irrigation; Harbor Operations; Navigation; Water Mills","Naval Crew; Marines; River Logistics","Shipping; Trade; Fisheries","Treasury Guarding; Grand Construction Oversight; Relic Keeping; Elite Shock Units"
194,Glacewing,legendary,4,Water,Dragon,Champion,1.7,53,61,100,100,56,true,"Fishing; Irrigation; Harbor Operations; Navigation; Water Mills","Naval Crew; Marines; River Logistics","Shipping; Trade; Fisheries","Treasury Guarding; Grand Construction Oversight; Relic Keeping; Elite Shock Units"
195,Sephysar,rare,3,Water,Dragon,Elite,1.35,42,49,84,80,45,false,"Fishing; Irrigation; Harbor Operations; Navigation; Water Mills","Naval Crew; Marines; River Logistics","Shipping; Trade; Fisheries","Treasury Guarding; Grand Construction Oversight; Relic Keeping; Elite Shock Units"
196,Dorentu,uncommon,1,Neutral,,Adept,1.15,46,46,46,46,35,false,"General Labor; Apprenticeships; Shopkeeping; Any Trade","Reserves; Auxiliary Corps; Logistics Support","Flexible Labor; Steady Output",
197,Grandorent,rare,2,Neutral,Leaf,Elite,1.35,47,81,50,53,43,false,"General Labor; Apprenticeships; Shopkeeping; Any Trade","Reserves; Auxiliary Corps; Logistics Support","Flexible Labor; Steady Output","Farming; Forestry; Herbalism; Medical Support"
198,Pricktile,uncommon,1,Leaf,Earth,Adept,1.15,46,69,45,31,25,false,"Farming; Forestry; Herbalism; Ranching; Orchard Management","Medical Support; Supply Corps","Food; Timber; Medicine; Population Growth","Mining; Quarrying; Construction; Heavy Infantry"
199,Cactodon,rare,2,Leaf,Earth,Elite,1.35,54,81,53,36,30,false,"Farming; Forestry; Herbalism; Ranching; Orchard Management","Medical Support; Supply Corps","Food; Timber; Medicine; Population Growth","Mining; Quarrying; Construction; Heavy Infantry"
200,Yarmeow,legendary,1,Telepath,Mystic,Champion,1.7,36,36,63,70,100,false,"Coordination; Diplomacy; Census & Planning; Education","Command Relay; Morale Operations; Interrogation","Administration; Treaties; Efficiency Gains","Arcane Research; Enchanting; Divination; Battle Magi"
201,Tressemiao,mythic,2,Telepath,Mystic,Ancient,2.2,46,46,81,90,100,false,"Coordination; Diplomacy; Census & Planning; Education","Command Relay; Morale Operations; Interrogation","Administration; Treaties; Efficiency Gains","Arcane Research; Enchanting; Divination; Battle Magi"
202,Naviumi,rare,1,Lightning,Mystic,Elite,1.35,66,19,63,41,97,false,"Workshops; Machinery; Automation; Magical Infrastructure; Research","Battlefield Support; Arcane Engineering","Technology; Advanced Crafting; Automation","Arcane Research; Enchanting; Divination; Battle Magi"
209,Wickle,uncommon,1,Insect,Toxin,Adept,1.15,53,66,52,32,37,true,"Swarm Labor; Pollination; Silk Production; Tunnel Networks","Swarm Tactics; Attrition Units; Field Repair","Silk; Honey; Rapid Construction","Alchemy; Medicine Brewing; Pest Control; Poison Warfare"
210,Stingweave,rare,2,Insect,Toxin,Elite,1.35,62,77,61,38,43,true,"Swarm Labor; Pollination; Silk Production; Tunnel Networks","Swarm Tactics; Attrition Units; Field Repair","Silk; Honey; Rapid Construction","Alchemy; Medicine Brewing; Pest Control; Poison Warfare"
211,Dreadweave,legendary,3,Insect,Toxin,Champion,1.7,78,97,77,48,54,true,"Swarm Labor; Pollination; Silk Production; Tunnel Networks","Swarm Tactics; Attrition Units; Field Repair","Silk; Honey; Rapid Construction","Alchemy; Medicine Brewing; Pest Control; Poison Warfare"
212,Oilpus,rare,1,Water,Toxin,Elite,1.35,39,68,65,70,47,true,"Fishing; Irrigation; Harbor Operations; Navigation; Water Mills","Naval Crew; Marines; River Logistics","Shipping; Trade; Fisheries","Alchemy; Medicine Brewing; Pest Control; Poison Warfare"
213,Sultako,legendary,2,Water,Toxin,Champion,1.7,49,85,82,88,60,true,"Fishing; Irrigation; Harbor Operations; Navigation; Water Mills","Naval Crew; Marines; River Logistics","Shipping; Trade; Fisheries","Alchemy; Medicine Brewing; Pest Control; Poison Warfare"
214,Hormaug,mythic,3,Water,Toxin,Ancient,2.2,64,100,100,100,77,true,"Fishing; Irrigation; Harbor Operations; Navigation; Water Mills","Naval Crew; Marines; River Logistics","Shipping; Trade; Fisheries","Alchemy; Medicine Brewing; Pest Control; Poison Warfare"
221,Fauneek,rare,1,Earth,Combat,Elite,1.35,74,30,97,34,16,false,"Mining; Quarrying; Construction; Masonry; Excavation; Terraforming","Heavy Infantry; Shield Units; Defensive Engineers; Fortress Builders","Stone; Clay; Iron; Granite; Mountain Infrastructure","Guard Duty; Militia Training; Arena Instruction; Front Line"
222,Satyreek,rare,2,Earth,Combat,Elite,1.35,74,30,97,34,16,false,"Mining; Quarrying; Construction; Masonry; Excavation; Terraforming","Heavy Infantry; Shield Units; Defensive Engineers; Fortress Builders","Stone; Clay; Iron; Granite; Mountain Infrastructure","Guard Duty; Militia Training; Arena Instruction; Front Line"
223,Coleeram,legendary,3,Earth,Combat,Champion,1.7,94,37,100,43,20,false,"Mining; Quarrying; Construction; Masonry; Excavation; Terraforming","Heavy Infantry; Shield Units; Defensive Engineers; Fortress Builders","Stone; Clay; Iron; Granite; Mountain Infrastructure","Guard Duty; Militia Training; Arena Instruction; Front Line"
224,Elekitt,uncommon,1,Lightning,,Adept,1.15,69,12,52,35,63,false,"Workshops; Machinery; Automation; Magical Infrastructure; Research","Battlefield Support; Arcane Engineering","Technology; Advanced Crafting; Automation",
225,Velocikat,rare,2,Lightning,,Elite,1.35,81,14,61,41,74,false,"Workshops; Machinery; Automation; Magical Infrastructure; Research","Battlefield Support; Arcane Engineering","Technology; Advanced Crafting; Automation",
226,Thunderzen,legendary,3,Lightning,,Champion,1.7,100,17,77,51,94,false,"Workshops; Machinery; Automation; Magical Infrastructure; Research","Battlefield Support; Arcane Engineering","Technology; Advanced Crafting; Automation",
227,Hambrisk,common,1,Fire,,Companion,1,70,5,60,15,20,false,"Blacksmithing; Smelting; Glass Making; Metal Refining; Weapon Crafting","Siege Engineers; Assault Units; Artillery Specialists","Weapons; Armor; Industrial Production",
228,Chinchype,uncommon,2,Fire,,Adept,1.15,81,6,69,17,23,false,"Blacksmithing; Smelting; Glass Making; Metal Refining; Weapon Crafting","Siege Engineers; Assault Units; Artillery Specialists","Weapons; Armor; Industrial Production",
229,Moonara,uncommon,1,Mystic,Telepath,Adept,1.15,23,23,44,39,97,false,"Arcane Research; Enchanting; Divination; Academy Teaching","Battle Magi; Ward Casters; Ritual Support","Scrolls; Enchantments; Knowledge","Coordination; Diplomacy; Census & Planning; Command Relay"
230,Lunaeire,rare,2,Mystic,Telepath,Elite,1.35,27,27,51,46,100,false,"Arcane Research; Enchanting; Divination; Academy Teaching","Battle Magi; Ward Casters; Ritual Support","Scrolls; Enchantments; Knowledge","Coordination; Diplomacy; Census & Planning; Command Relay"
231,Clawconut,uncommon,1,Leaf,Rock,Adept,1.15,48,62,47,28,23,false,"Farming; Forestry; Herbalism; Ranching; Orchard Management","Medical Support; Supply Corps","Food; Timber; Medicine; Population Growth","Quarrying; Heavy Construction; Road Building; Bulwark Units"
232,Clawgigus,rare,2,Leaf,Rock,Elite,1.35,57,73,55,32,27,false,"Farming; Forestry; Herbalism; Ranching; Orchard Management","Medical Support; Supply Corps","Food; Timber; Medicine; Population Growth","Quarrying; Heavy Construction; Road Building; Bulwark Units"
233,Wallopop,uncommon,1,Combat,Neutral,Adept,1.15,37,29,82,41,24,false,"Guard Duty; Militia Training; Arena Instruction; Escort Work","Front Line; Duelists; Drill Sergeants; Vanguard","Security; Mercenary Contracts; Training Fees","General Labor; Apprenticeships; Shopkeeping; Reserves"
234,Samudangi,rare,2,Combat,Neutral,Elite,1.35,43,34,96,49,28,false,"Guard Duty; Militia Training; Arena Instruction; Escort Work","Front Line; Duelists; Drill Sergeants; Vanguard","Security; Mercenary Contracts; Training Fees","General Labor; Apprenticeships; Shopkeeping; Reserves"
235,Snobbit,common,1,Ice,Water,Companion,1,32,41,57,57,31,false,"Cold Storage; Preservation; Glacier Harvesting; Arctic Pathfinding","Winter Warfare; Slowing Fields; Frost Garrisons","Preserved Goods; Rare Ice Cores; Northern Trade","Fishing; Irrigation; Harbor Operations; Naval Crew"
236,Frosslord,uncommon,2,Ice,Water,Adept,1.15,37,47,66,66,36,false,"Cold Storage; Preservation; Glacier Harvesting; Arctic Pathfinding","Winter Warfare; Slowing Fields; Frost Garrisons","Preserved Goods; Rare Ice Cores; Northern Trade","Fishing; Irrigation; Harbor Operations; Naval Crew"
237,Eriegle,common,1,Flyer,,Companion,1,10,15,45,70,15,false,"Couriers; Scouts; Caravan Leaders; Exploration; Messengers","Reconnaissance; Fast Cavalry; Ambush Specialists","Transport; Trade Routes; Logistics",
238,Albivore,uncommon,2,Flyer,,Adept,1.15,12,17,52,81,17,false,"Couriers; Scouts; Caravan Leaders; Exploration; Messengers","Reconnaissance; Fast Cavalry; Ambush Specialists","Transport; Trade Routes; Logistics",
239,Emperiegle,rare,3,Flyer,,Elite,1.35,14,20,61,95,20,false,"Couriers; Scouts; Caravan Leaders; Exploration; Messengers","Reconnaissance; Fast Cavalry; Ambush Specialists","Transport; Trade Routes; Logistics",
240,Mytier,mythic,1,Fire,Mystic,Ancient,2.2,100,22,100,44,100,false,"Blacksmithing; Smelting; Glass Making; Metal Refining; Weapon Crafting","Siege Engineers; Assault Units; Artillery Specialists","Weapons; Armor; Industrial Production","Arcane Research; Enchanting; Divination; Battle Magi"
241,Inchapp,rare,1,Insect,Lightning,Elite,1.35,84,58,61,47,43,false,"Swarm Labor; Pollination; Silk Production; Tunnel Networks","Swarm Tactics; Attrition Units; Field Repair","Silk; Honey; Rapid Construction","Workshops; Machinery; Automation; Battlefield Support"
